{
    "photos": [
        {
            "id": 424926,
            "sol": 1000,
            "camera": {
                "id": 22,
                "name": "MAST",
                "rover_id": 5,
                "full_name": "Mast Camera"
            },
            "img_src": "http://mars.jpl.nasa.gov/msl-raw-images/msss/01000/mcam/1000ML0044631200305217E01_DXXX.jpg",
            "earth_date": "2015-05-30",
            "rover": {
                "id": 5,
                "name": "Curiosity",
                "landing_date": "2012-08-06",
                "launch_date": "2011-11-26",
                "status": "active",
                "max_sol": 3949,
                "max_date": "2023-09-15",
                "total_photos": 678813,
                "cameras": [
                    {
                        "name": "FHAZ",
                        "full_name": "Front Hazard Avoidance Camera"
                    },
                    {
                        "name": "NAVCAM",
                        "full_name": "Navigation Camera"
                    },
                    {
                        "name": "MAST",
                        "full_name": "Mast Camera"
                    },
                    {
                        "name": "CHEMCAM",
                        "full_name": "Chemistry and Camera Complex"
                    },
                    {
                        "name": "MAHLI",
                        "full_name": "Mars Hand Lens Imager"
                    },
                    {
                        "name": "MARDI",
                        "full_name": "Mars Descent Imager"
                    },
                    {
                        "name": "RHAZ",
                        "full_name": "Rear Hazard Avoidance Camera"
                    }
                ]
            }
        },
        {
            "id": 424927,
            "sol": 1000,
            "camera": {
                "id": 22,
                "name": "MAST",
                "rover_id": 5,
                "full_name": "Mast Camera"
            },
            "img_src": "http://mars.jpl.nasa.gov/msl-raw-images/msss/01000/mcam/1000MR0044631190503679E04_DXXX.jpg",
            "earth_date": "2015-05-30",
            "rover": {
                "id": 5,
                "name": "Curiosity",
                "landing_date": "2012-08-06",
                "launch_date": "2011-11-26",
                "status": "active",
                "max_sol": 3949,
                "max_date": "2023-09-15",
                "total_photos": 678813,
                "cameras": [
                    {
                        "name": "FHAZ",
                        "full_name": "Front Hazard Avoidance Camera"
                    },
                    {
                        "name": "NAVCAM",
                        "full_name": "Navigation Camera"
                    },
                    {
                        "name": "MAST",
                        "full_name": "Mast Camera"
                    },
                    {
                        "name": "CHEMCAM",
                        "full_name": "Chemistry and Camera Complex"
                    },
                    {
                        "name": "MAHLI",
                        "full_name": "Mars Hand Lens Imager"
                    },
                    {
                        "name": "MARDI",
                        "full_name": "Mars Descent Imager"
                    },
                    {
                        "name": "RHAZ",
                        "full_name": "Rear Hazard Avoidance Camera"
                    }
                ]
            }
        },
        {
            "id": 424928,
            "sol": 1000,
            "camera": {
                "id": 22,
                "name": "MAST",
                "rover_id": 5,
                "full_name": "Mast Camera"
            },
            "img_src": "http://mars.jpl.nasa.gov/msl-raw-images/msss/01000/mcam/1000ML0044631190305216E04_DXXX.jpg",
            "earth_date": "2015-05-30",
            "rover": {
                "id": 5,
                "name": "Curiosity",
                "landing_date": "2012-08-06",
                "launch_date": "2011-11-26",
                "status": "active",
                "max_sol": 3949,
                "max_date": "2023-09-15",
                "total_photos": 678813,
                "cameras": [
                    {
                        "name": "FHAZ",
                        "full_name": "Front Hazard Avoidance Camera"
                    },
                    {
                        "name": "NAVCAM",
                        "full_name": "Navigation Camera"
                    },
                    {
                        "name": "MAST",
                        "full_name": "Mast Camera"
                    },
                    {
                        "name": "CHEMCAM",
                        "full_name": "Chemistry and Camera Complex"
                    },
                    {
                        "name": "MAHLI",
                        "full_name": "Mars Hand Lens Imager"
                    },
                    {
                        "name": "MARDI",
                        "full_name": "Mars Descent Imager"
                    },
                    {
                        "name": "RHAZ",
                        "full_name": "Rear Hazard Avoidance Camera"
                    }
                ]
            }
        },
        {
            "id": 424929,
            "sol": 1000,
            "camera": {
                "id": 22,
                "name": "MAST",
                "rover_id": 5,
                "full_name": "Mast Camera"
            },
            "img_src": "http://mars.jpl.nasa.gov/msl-raw-images/msss/01000/mcam/1000MR0044631180503678E01_DXXX.jpg",
            "earth_date": "2015-05-30",
            "rover": {
                "id": 5,
                "name": "Curiosity",
                "landing_date": "2012-08-06",
                "launch_date": "2011-11-26",
                "status": "active",
                "max_sol": 3949,
                "max_date": "2023-09-15",
                "total_photos": 678813,
                "cameras": [
                    {
                        "name": "FHAZ",
                        "full_name": "Front Hazard Avoidance Camera"
                    },
                    {
                        "name": "NAVCAM",
                        "full_name": "Navigation Camera"
                    },
                    {
                        "name": "MAST",
                        "full_name": "Mast Camera"
                    },
                    {
                        "name": "CHEMCAM",
                        "full_name": "Chemistry and Camera Complex"
                    },
                    {
                        "name": "MAHLI",
                        "full_name": "Mars Hand Lens Imager"
                    },
                    {
                        "name": "MARDI",
                        "full_name": "Mars Descent Imager"
                    },
                    {
                        "name": "RHAZ",
                        "full_name": "Rear Hazard Avoidance Camera"
                    }
                ]
            }
        },
        {
            "id": 424930,
            "sol": 1000,
            "camera": {
                "id": 22,
                "name": "MAST",
                "rover_id": 5,
                "full_name": "Mast Camera"
            },
            "img_src": "http://mars.jpl.nasa.gov/msl-raw-images/msss/01000/mcam/1000ML0044631180305215E01_DXXX.jpg",
            "earth_date": "2015-05-30",
            "rover": {
                "id": 5,
                "name": "Curiosity",
                "landing_date": "2012-08-06",
                "launch_date": "2011-11-26",
                "status": "active",
                "max_sol": 3949,
                "max_date": "2023-09-15",
                "total_photos": 678813,
                "cameras": [
                    {
                        "name": "FHAZ",
                        "full_name": "Front Hazard Avoidance Camera"
                    },
                    {
                        "name": "NAVCAM",
                        "full_name": "Navigation Camera"
                    },
                    {
                        "name": "MAST",
                        "full_name": "Mast Camera"
                    },
                    {
                        "name": "CHEMCAM",
                        "full_name": "Chemistry and Camera Complex"
                    },
                    {
                        "name": "MAHLI",
                        "full_name": "Mars Hand Lens Imager"
                    },
                    {
                        "name": "MARDI",
                        "full_name": "Mars Descent Imager"
                    },
                    {
                        "name": "RHAZ",
                        "full_name": "Rear Hazard Avoidance Camera"
                    }
                ]
            }
        },
        {
            "id": 424931,
            "sol": 1000,
            "camera": {
                "id": 22,
                "name": "MAST",
                "rover_id": 5,
                "full_name": "Mast Camera"
            },
            "img_src": "http://mars.jpl.nasa.gov/msl-raw-images/msss/01000/mcam/1000MR0044631170503677E03_DXXX.jpg",
            "earth_date": "2015-05-30",
            "rover": {
                "id": 5,
                "name": "Curiosity",
                "landing_date": "2012-08-06",
                "launch_date": "2011-11-26",
                "status": "active",
                "max_sol": 3949,
                "max_date": "2023-09-15",
                "total_photos": 678813,
                "cameras": [
                    {
                        "name": "FHAZ",
                        "full_name": "Front Hazard Avoidance Camera"
                    },
                    {
                        "name": "NAVCAM",
                        "full_name": "Navigation Camera"
                    },
                    {
                        "name": "MAST",
                        "full_name": "Mast Camera"
                    },
                    {
                        "name": "CHEMCAM",
                        "full_name": "Chemistry and Camera Complex"
                    },
                    {
                        "name": "MAHLI",
                        "full_name": "Mars Hand Lens Imager"
                    },
                    {
                        "name": "MARDI",
                        "full_name": "Mars Descent Imager"
                    },
                    {
                        "name": "RHAZ",
                        "full_name": "Rear Hazard Avoidance Camera"
                    }
                ]
            }
        },
        {
            "id": 424932,
            "sol": 1000,
            "camera": {
                "id": 22,
                "name": "MAST",
                "rover_id": 5,
                "full_name": "Mast Camera"
            },
            "img_src": "http://mars.jpl.nasa.gov/msl-raw-images/msss/01000/mcam/1000ML0044631170305214E01_DXXX.jpg",
            "earth_date": "2015-05-30",
            "rover": {
                "id": 5,
                "name": "Curiosity",
                "landing_date": "2012-08-06",
                "launch_date": "2011-11-26",
                "status": "active",
                "max_sol": 3949,
                "max_date": "2023-09-15",
                "total_photos": 678813,
                "cameras": [
                    {
                        "name": "FHAZ",
                        "full_name": "Front Hazard Avoidance Camera"
                    },
                    {
                        "name": "NAVCAM",
                        "full_name": "Navigation Camera"
                    },
                    {
                        "name": "MAST",
                        "full_name": "Mast Camera"
                    },
                    {
                        "name": "CHEMCAM",
                        "full_name": "Chemistry and Camera Complex"
                    },
                    {
                        "name": "MAHLI",
                        "full_name": "Mars Hand Lens Imager"
                    },
                    {
                        "name": "MARDI",
                        "full_name": "Mars Descent Imager"
                    },
                    {
                        "name": "RHAZ",
                        "full_name": "Rear Hazard Avoidance Camera"
                    }
                ]
            }
        },
        {
            "id": 424933,
            "sol": 1000,
            "camera": {
                "id": 22,
                "name": "MAST",
                "rover_id": 5,
                "full_name": "Mast Camera"
            },
            "img_src": "http://mars.jpl.nasa.gov/msl-raw-images/msss/01000/mcam/1000MR0044631160503676E02_DXXX.jpg",
            "earth_date": "2015-05-30",
            "rover": {
                "id": 5,
                "name": "Curiosity",
                "landing_date": "2012-08-06",
                "launch_date": "2011-11-26",
                "status": "active",
                "max_sol": 3949,
                "max_date": "2023-09-15",
                "total_photos": 678813,
                "cameras": [
                    {
                        "name": "FHAZ",
                        "full_name": "Front Hazard Avoidance Camera"
                    },
                    {
                        "name": "NAVCAM",
                        "full_name": "Navigation Camera"
                    },
                    {
                        "name": "MAST",
                        "full_name": "Mast Camera"
                    },
                    {
                        "name": "CHEMCAM",
                        "full_name": "Chemistry and Camera Complex"
                    },
                    {
                        "name": "MAHLI",
                        "full_name": "Mars Hand Lens Imager"
                    },
                    {
                        "name": "MARDI",
                        "full_name": "Mars Descent Imager"
                    },
                    {
                        "name": "RHAZ",
                        "full_name": "Rear Hazard Avoidance Camera"
                    }
                ]
            }
        },
        {
            "id": 424934,
            "sol": 1000,
            "camera": {
                "id": 22,
                "name": "MAST",
                "rover_id": 5,
                "full_name": "Mast Camera"
            },
            "img_src": "http://mars.jpl.nasa.gov/msl-raw-images/msss/01000/mcam/1000ML0044631160305213E01_DXXX.jpg",
            "earth_date": "2015-05-30",
            "rover": {
                "id": 5,
                "name": "Curiosity",
                "landing_date": "2012-08-06",
                "launch_date": "2011-11-26",
                "status": "active",
                "max_sol": 3949,
                "max_date": "2023-09-15",
                "total_photos": 678813,
                "cameras": [
                    {
                        "name": "FHAZ",
                        "full_name": "Front Hazard Avoidance Camera"
                    },
                    {
                        "name": "NAVCAM",
                        "full_name": "Navigation Camera"
                    },
                    {
                        "name": "MAST",
                        "full_name": "Mast Camera"
                    },
                    {
                        "name": "CHEMCAM",
                        "full_name": "Chemistry and Camera Complex"
                    },
                    {
                        "name": "MAHLI",
                        "full_name": "Mars Hand Lens Imager"
                    },
                    {
                        "name": "MARDI",
                        "full_name": "Mars Descent Imager"
                    },
                    {
                        "name": "RHAZ",
                        "full_name": "Rear Hazard Avoidance Camera"
                    }
                ]
            }
        },
        {
            "id": 424935,
            "sol": 1000,
            "camera": {
                "id": 22,
                "name": "MAST",
                "rover_id": 5,
                "full_name": "Mast Camera"
            },
            "img_src": "http://mars.jpl.nasa.gov/msl-raw-images/msss/01000/mcam/1000MR0044631150503675E02_DXXX.jpg",
            "earth_date": "2015-05-30",
            "rover": {
                "id": 5,
                "name": "Curiosity",
                "landing_date": "2012-08-06",
                "launch_date": "2011-11-26",
                "status": "active",
                "max_sol": 3949,
                "max_date": "2023-09-15",
                "total_photos": 678813,
                "cameras": [
                    {
                        "name": "FHAZ",
                        "full_name": "Front Hazard Avoidance Camera"
                    },
                    {
                        "name": "NAVCAM",
                        "full_name": "Navigation Camera"
                    },
                    {
                        "name": "MAST",
                        "full_name": "Mast Camera"
                    },
                    {
                        "name": "CHEMCAM",
                        "full_name": "Chemistry and Camera Complex"
                    },
                    {
                        "name": "MAHLI",
                        "full_name": "Mars Hand Lens Imager"
                    },
                    {
                        "name": "MARDI",
                        "full_name": "Mars Descent Imager"
                    },
                    {
                        "name": "RHAZ",
                        "full_name": "Rear Hazard Avoidance Camera"
                    }
                ]
            }
        },
        {
            "id": 424936,
            "sol": 1000,
            "camera": {
                "id": 22,
                "name": "MAST",
                "rover_id": 5,
                "full_name": "Mast Camera"
            },
            "img_src": "http://mars.jpl.nasa.gov/msl-raw-images/msss/01000/mcam/1000ML0044631150305212E01_DXXX.jpg",
            "earth_date": "2015-05-30",
            "rover": {
                "id": 5,
                "name": "Curiosity",
                "landing_date": "2012-08-06",
                "launch_date": "2011-11-26",
                "status": "active",
                "max_sol": 3949,
                "max_date": "2023-09-15",
                "total_photos": 678813,
                "cameras": [
                    {
                        "name": "FHAZ",
                        "full_name": "Front Hazard Avoidance Camera"
                    },
                    {
                        "name": "NAVCAM",
                        "full_name": "Navigation Camera"
                    },
                    {
                        "name": "MAST",
                        "full_name": "Mast Camera"
                    },
                    {
                        "name": "CHEMCAM",
                        "full_name": "Chemistry and Camera Complex"
                    },
                    {
                        "name": "MAHLI",
                        "full_name": "Mars Hand Lens Imager"
                    },
                    {
                        "name": "MARDI",
                        "full_name": "Mars Descent Imager"
                    },
                    {
                        "name": "RHAZ",
                        "full_name": "Rear Hazard Avoidance Camera"
                    }
                ]
            }
        },
        {
            "id": 424937,
            "sol": 1000,
            "camera": {
                "id": 22,
                "name": "MAST",
                "rover_id": 5,
                "full_name": "Mast Camera"
            },
            "img_src": "http://mars.jpl.nasa.gov/msl-raw-images/msss/01000/mcam/1000MR0044631140503674E01_DXXX.jpg",
            "earth_date": "2015-05-30",
            "rover": {
                "id": 5,
                "name": "Curiosity",
                "landing_date": "2012-08-06",
                "launch_date": "2011-11-26",
                "status": "active",
                "max_sol": 3949,
                "max_date": "2023-09-15",
                "total_photos": 678813,
                "cameras": [
                    {
                        "name": "FHAZ",
                        "full_name": "Front Hazard Avoidance Camera"
                    },
                    {
                        "name": "NAVCAM",
                        "full_name": "Navigation Camera"
                    },
                    {
                        "name": "MAST",
                        "full_name": "Mast Camera"
                    },
                    {
                        "name": "CHEMCAM",
                        "full_name": "Chemistry and Camera Complex"
                    },
                    {
                        "name": "MAHLI",
                        "full_name": "Mars Hand Lens Imager"
                    },
                    {
                        "name": "MARDI",
                        "full_name": "Mars Descent Imager"
                    },
                    {
                        "name": "RHAZ",
                        "full_name": "Rear Hazard Avoidance Camera"
                    }
                ]
            }
        },
        {
            "id": 424938,
            "sol": 1000,
            "camera": {
                "id": 22,
                "name": "MAST",
                "rover_id": 5,
                "full_name": "Mast Camera"
            },
            "img_src": "http://mars.jpl.nasa.gov/msl-raw-images/msss/01000/mcam/1000ML0044631140305211E02_DXXX.jpg",
            "earth_date": "2015-05-30",
            "rover": {
                "id": 5,
                "name": "Curiosity",
                "landing_date": "2012-08-06",
                "launch_date": "2011-11-26",
                "status": "active",
                "max_sol": 3949,
                "max_date": "2023-09-15",
                "total_photos": 678813,
                "cameras": [
                    {
                        "name": "FHAZ",
                        "full_name": "Front Hazard Avoidance Camera"
                    },
                    {
                        "name": "NAVCAM",
                        "full_name": "Navigation Camera"
                    },
                    {
                        "name": "MAST",
                        "full_name": "Mast Camera"
                    },
                    {
                        "name": "CHEMCAM",
                        "full_name": "Chemistry and Camera Complex"
                    },
                    {
                        "name": "MAHLI",
                        "full_name": "Mars Hand Lens Imager"
                    },
                    {
                        "name": "MARDI",
                        "full_name": "Mars Descent Imager"
                    },
                    {
                        "name": "RHAZ",
                        "full_name": "Rear Hazard Avoidance Camera"
                    }
                ]
            }
        },
        {
            "id": 424939,
            "sol": 1000,
            "camera": {
                "id": 22,
                "name": "MAST",
                "rover_id": 5,
                "full_name": "Mast Camera"
            },
            "img_src": "http://mars.jpl.nasa.gov/msl-raw-images/msss/01000/mcam/1000MR0044631130503673E01_DXXX.jpg",
            "earth_date": "2015-05-30",
            "rover": {
                "id": 5,
                "name": "Curiosity",
                "landing_date": "2012-08-06",
                "launch_date": "2011-11-26",
                "status": "active",
                "max_sol": 3949,
                "max_date": "2023-09-15",
                "total_photos": 678813,
                "cameras": [
                    {
                        "name": "FHAZ",
                        "full_name": "Front Hazard Avoidance Camera"
                    },
                    {
                        "name": "NAVCAM",
                        "full_name": "Navigation Camera"
                    },
                    {
                        "name": "MAST",
                        "full_name": "Mast Camera"
                    },
                    {
                        "name": "CHEMCAM",
                        "full_name": "Chemistry and Camera Complex"
                    },
                    {
                        "name": "MAHLI",
                        "full_name": "Mars Hand Lens Imager"
                    },
                    {
                        "name": "MARDI",
                        "full_name": "Mars Descent Imager"
                    },
                    {
                        "name": "RHAZ",
                        "full_name": "Rear Hazard Avoidance Camera"
                    }
                ]
            }
        },
        {
            "id": 424940,
            "sol": 1000,
            "camera": {
                "id": 22,
                "name": "MAST",
                "rover_id": 5,
                "full_name": "Mast Camera"
            },
            "img_src": "http://mars.jpl.nasa.gov/msl-raw-images/msss/01000/mcam/1000ML0044631130305210E01_DXXX.jpg",
            "earth_date": "2015-05-30",
            "rover": {
                "id": 5,
                "name": "Curiosity",
                "landing_date": "2012-08-06",
                "launch_date": "2011-11-26",
                "status": "active",
                "max_sol": 3949,
                "max_date": "2023-09-15",
                "total_photos": 678813,
                "cameras": [
                    {
                        "name": "FHAZ",
                        "full_name": "Front Hazard Avoidance Camera"
                    },
                    {
                        "name": "NAVCAM",
                        "full_name": "Navigation Camera"
                    },
                    {
                        "name": "MAST",
                        "full_name": "Mast Camera"
                    },
                    {
                        "name": "CHEMCAM",
                        "full_name": "Chemistry and Camera Complex"
                    },
                    {
                        "name": "MAHLI",
                        "full_name": "Mars Hand Lens Imager"
                    },
                    {
                        "name": "MARDI",
                        "full_name": "Mars Descent Imager"
                    },
                    {
                        "name": "RHAZ",
                        "full_name": "Rear Hazard Avoidance Camera"
                    }
                ]
            }
        },
        {
            "id": 424941,
            "sol": 1000,
            "camera": {
                "id": 22,
                "name": "MAST",
                "rover_id": 5,
                "full_name": "Mast Camera"
            },
            "img_src": "http://mars.jpl.nasa.gov/msl-raw-images/msss/01000/mcam/1000ML0044631120305209E02_DXXX.jpg",
            "earth_date": "2015-05-30",
            "rover": {
                "id": 5,
                "name": "Curiosity",
                "landing_date": "2012-08-06",
                "launch_date": "2011-11-26",
                "status": "active",
                "max_sol": 3949,
                "max_date": "2023-09-15",
                "total_photos": 678813,
                "cameras": [
                    {
                        "name": "FHAZ",
                        "full_name": "Front Hazard Avoidance Camera"
                    },
                    {
                        "name": "NAVCAM",
                        "full_name": "Navigation Camera"
                    },
                    {
                        "name": "MAST",
                        "full_name": "Mast Camera"
                    },
                    {
                        "name": "CHEMCAM",
                        "full_name": "Chemistry and Camera Complex"
                    },
                    {
                        "name": "MAHLI",
                        "full_name": "Mars Hand Lens Imager"
                    },
                    {
                        "name": "MARDI",
                        "full_name": "Mars Descent Imager"
                    },
                    {
                        "name": "RHAZ",
                        "full_name": "Rear Hazard Avoidance Camera"
                    }
                ]
            }
        },
        {
            "id": 424942,
            "sol": 1000,
            "camera": {
                "id": 22,
                "name": "MAST",
                "rover_id": 5,
                "full_name": "Mast Camera"
            },
            "img_src": "http://mars.jpl.nasa.gov/msl-raw-images/msss/01000/mcam/1000MR0044631120503672E01_DXXX.jpg",
            "earth_date": "2015-05-30",
            "rover": {
                "id": 5,
                "name": "Curiosity",
                "landing_date": "2012-08-06",
                "launch_date": "2011-11-26",
                "status": "active",
                "max_sol": 3949,
                "max_date": "2023-09-15",
                "total_photos": 678813,
                "cameras": [
                    {
                        "name": "FHAZ",
                        "full_name": "Front Hazard Avoidance Camera"
                    },
                    {
                        "name": "NAVCAM",
                        "full_name": "Navigation Camera"
                    },
                    {
                        "name": "MAST",
                        "full_name": "Mast Camera"
                    },
                    {
                        "name": "CHEMCAM",
                        "full_name": "Chemistry and Camera Complex"
                    },
                    {
                        "name": "MAHLI",
                        "full_name": "Mars Hand Lens Imager"
                    },
                    {
                        "name": "MARDI",
                        "full_name": "Mars Descent Imager"
                    },
                    {
                        "name": "RHAZ",
                        "full_name": "Rear Hazard Avoidance Camera"
                    }
                ]
            }
        },
        {
            "id": 424943,
            "sol": 1000,
            "camera": {
                "id": 22,
                "name": "MAST",
                "rover_id": 5,
                "full_name": "Mast Camera"
            },
            "img_src": "http://mars.jpl.nasa.gov/msl-raw-images/msss/01000/mcam/1000MR0044631110503671E02_DXXX.jpg",
            "earth_date": "2015-05-30",
            "rover": {
                "id": 5,
                "name": "Curiosity",
                "landing_date": "2012-08-06",
                "launch_date": "2011-11-26",
                "status": "active",
                "max_sol": 3949,
                "max_date": "2023-09-15",
                "total_photos": 678813,
                "cameras": [
                    {
                        "name": "FHAZ",
                        "full_name": "Front Hazard Avoidance Camera"
                    },
                    {
                        "name": "NAVCAM",
                        "full_name": "Navigation Camera"
                    },
                    {
                        "name": "MAST",
                        "full_name": "Mast Camera"
                    },
                    {
                        "name": "CHEMCAM",
                        "full_name": "Chemistry and Camera Complex"
                    },
                    {
                        "name": "MAHLI",
                        "full_name": "Mars Hand Lens Imager"
                    },
                    {
                        "name": "MARDI",
                        "full_name": "Mars Descent Imager"
                    },
                    {
                        "name": "RHAZ",
                        "full_name": "Rear Hazard Avoidance Camera"
                    }
                ]
            }
        },
        {
            "id": 424944,
            "sol": 1000,
            "camera": {
                "id": 22,
                "name": "MAST",
                "rover_id": 5,
                "full_name": "Mast Camera"
            },
            "img_src": "http://mars.jpl.nasa.gov/msl-raw-images/msss/01000/mcam/1000ML0044631110305208E01_DXXX.jpg",
            "earth_date": "2015-05-30",
            "rover": {
                "id": 5,
                "name": "Curiosity",
                "landing_date": "2012-08-06",
                "launch_date": "2011-11-26",
                "status": "active",
                "max_sol": 3949,
                "max_date": "2023-09-15",
                "total_photos": 678813,
                "cameras": [
                    {
                        "name": "FHAZ",
                        "full_name": "Front Hazard Avoidance Camera"
                    },
                    {
                        "name": "NAVCAM",
                        "full_name": "Navigation Camera"
                    },
                    {
                        "name": "MAST",
                        "full_name": "Mast Camera"
                    },
                    {
                        "name": "CHEMCAM",
                        "full_name": "Chemistry and Camera Complex"
                    },
                    {
                        "name": "MAHLI",
                        "full_name": "Mars Hand Lens Imager"
                    },
                    {
                        "name": "MARDI",
                        "full_name": "Mars Descent Imager"
                    },
                    {
                        "name": "RHAZ",
                        "full_name": "Rear Hazard Avoidance Camera"
                    }
                ]
            }
        },
        {
            "id": 424945,
            "sol": 1000,
            "camera": {
                "id": 22,
                "name": "MAST",
                "rover_id": 5,
                "full_name": "Mast Camera"
            },
            "img_src": "http://mars.jpl.nasa.gov/msl-raw-images/msss/01000/mcam/1000MR0044631100503670E02_DXXX.jpg",
            "earth_date": "2015-05-30",
            "rover": {
                "id": 5,
                "name": "Curiosity",
                "landing_date": "2012-08-06",
                "launch_date": "2011-11-26",
                "status": "active",
                "max_sol": 3949,
                "max_date": "2023-09-15",
                "total_photos": 678813,
                "cameras": [
                    {
                        "name": "FHAZ",
                        "full_name": "Front Hazard Avoidance Camera"
                    },
                    {
                        "name": "NAVCAM",
                        "full_name": "Navigation Camera"
                    },
                    {
                        "name": "MAST",
                        "full_name": "Mast Camera"
                    },
                    {
                        "name": "CHEMCAM",
                        "full_name": "Chemistry and Camera Complex"
                    },
                    {
                        "name": "MAHLI",
                        "full_name": "Mars Hand Lens Imager"
                    },
                    {
                        "name": "MARDI",
                        "full_name": "Mars Descent Imager"
                    },
                    {
                        "name": "RHAZ",
                        "full_name": "Rear Hazard Avoidance Camera"
                    }
                ]
            }
        },
        {
            "id": 424946,
            "sol": 1000,
            "camera": {
                "id": 22,
                "name": "MAST",
                "rover_id": 5,
                "full_name": "Mast Camera"
            },
            "img_src": "http://mars.jpl.nasa.gov/msl-raw-images/msss/01000/mcam/1000ML0044631100305207E01_DXXX.jpg",
            "earth_date": "2015-05-30",
            "rover": {
                "id": 5,
                "name": "Curiosity",
                "landing_date": "2012-08-06",
                "launch_date": "2011-11-26",
                "status": "active",
                "max_sol": 3949,
                "max_date": "2023-09-15",
                "total_photos": 678813,
                "cameras": [
                    {
                        "name": "FHAZ",
                        "full_name": "Front Hazard Avoidance Camera"
                    },
                    {
                        "name": "NAVCAM",
                        "full_name": "Navigation Camera"
                    },
                    {
                        "name": "MAST",
                        "full_name": "Mast Camera"
                    },
                    {
                        "name": "CHEMCAM",
                        "full_name": "Chemistry and Camera Complex"
                    },
                    {
                        "name": "MAHLI",
                        "full_name": "Mars Hand Lens Imager"
                    },
                    {
                        "name": "MARDI",
                        "full_name": "Mars Descent Imager"
                    },
                    {
                        "name": "RHAZ",
                        "full_name": "Rear Hazard Avoidance Camera"
                    }
                ]
            }
        },
        {
            "id": 424947,
            "sol": 1000,
            "camera": {
                "id": 22,
                "name": "MAST",
                "rover_id": 5,
                "full_name": "Mast Camera"
            },
            "img_src": "http://mars.jpl.nasa.gov/msl-raw-images/msss/01000/mcam/1000MR0044631090503669E02_DXXX.jpg",
            "earth_date": "2015-05-30",
            "rover": {
                "id": 5,
                "name": "Curiosity",
                "landing_date": "2012-08-06",
                "launch_date": "2011-11-26",
                "status": "active",
                "max_sol": 3949,
                "max_date": "2023-09-15",
                "total_photos": 678813,
                "cameras": [
                    {
                        "name": "FHAZ",
                        "full_name": "Front Hazard Avoidance Camera"
                    },
                    {
                        "name": "NAVCAM",
                        "full_name": "Navigation Camera"
                    },
                    {
                        "name": "MAST",
                        "full_name": "Mast Camera"
                    },
                    {
                        "name": "CHEMCAM",
                        "full_name": "Chemistry and Camera Complex"
                    },
                    {
                        "name": "MAHLI",
                        "full_name": "Mars Hand Lens Imager"
                    },
                    {
                        "name": "MARDI",
                        "full_name": "Mars Descent Imager"
                    },
                    {
                        "name": "RHAZ",
                        "full_name": "Rear Hazard Avoidance Camera"
                    }
                ]
            }
        },
        {
            "id": 424948,
            "sol": 1000,
            "camera": {
                "id": 22,
                "name": "MAST",
                "rover_id": 5,
                "full_name": "Mast Camera"
            },
            "img_src": "http://mars.jpl.nasa.gov/msl-raw-images/msss/01000/mcam/1000ML0044631090305206E01_DXXX.jpg",
            "earth_date": "2015-05-30",
            "rover": {
                "id": 5,
                "name": "Curiosity",
                "landing_date": "2012-08-06",
                "launch_date": "2011-11-26",
                "status": "active",
                "max_sol": 3949,
                "max_date": "2023-09-15",
                "total_photos": 678813,
                "cameras": [
                    {
                        "name": "FHAZ",
                        "full_name": "Front Hazard Avoidance Camera"
                    },
                    {
                        "name": "NAVCAM",
                        "full_name": "Navigation Camera"
                    },
                    {
                        "name": "MAST",
                        "full_name": "Mast Camera"
                    },
                    {
                        "name": "CHEMCAM",
                        "full_name": "Chemistry and Camera Complex"
                    },
                    {
                        "name": "MAHLI",
                        "full_name": "Mars Hand Lens Imager"
                    },
                    {
                        "name": "MARDI",
                        "full_name": "Mars Descent Imager"
                    },
                    {
                        "name": "RHAZ",
                        "full_name": "Rear Hazard Avoidance Camera"
                    }
                ]
            }
        },
        {
            "id": 424949,
            "sol": 1000,
            "camera": {
                "id": 22,
                "name": "MAST",
                "rover_id": 5,
                "full_name": "Mast Camera"
            },
            "img_src": "http://mars.jpl.nasa.gov/msl-raw-images/msss/01000/mcam/1000MR0044631080503668E01_DXXX.jpg",
            "earth_date": "2015-05-30",
            "rover": {
                "id": 5,
                "name": "Curiosity",
                "landing_date": "2012-08-06",
                "launch_date": "2011-11-26",
                "status": "active",
                "max_sol": 3949,
                "max_date": "2023-09-15",
                "total_photos": 678813,
                "cameras": [
                    {
                        "name": "FHAZ",
                        "full_name": "Front Hazard Avoidance Camera"
                    },
                    {
                        "name": "NAVCAM",
                        "full_name": "Navigation Camera"
                    },
                    {
                        "name": "MAST",
                        "full_name": "Mast Camera"
                    },
                    {
                        "name": "CHEMCAM",
                        "full_name": "Chemistry and Camera Complex"
                    },
                    {
                        "name": "MAHLI",
                        "full_name": "Mars Hand Lens Imager"
                    },
                    {
                        "name": "MARDI",
                        "full_name": "Mars Descent Imager"
                    },
                    {
                        "name": "RHAZ",
                        "full_name": "Rear Hazard Avoidance Camera"
                    }
                ]
            }
        },
        {
            "id": 424950,
            "sol": 1000,
            "camera": {
                "id": 22,
                "name": "MAST",
                "rover_id": 5,
                "full_name": "Mast Camera"
            },
            "img_src": "http://mars.jpl.nasa.gov/msl-raw-images/msss/01000/mcam/1000ML0044631080305205E01_DXXX.jpg",
            "earth_date": "2015-05-30",
            "rover": {
                "id": 5,
                "name": "Curiosity",
                "landing_date": "2012-08-06",
                "launch_date": "2011-11-26",
                "status": "active",
                "max_sol": 3949,
                "max_date": "2023-09-15",
                "total_photos": 678813,
                "cameras": [
                    {
                        "name": "FHAZ",
                        "full_name": "Front Hazard Avoidance Camera"
                    },
                    {
                        "name": "NAVCAM",
                        "full_name": "Navigation Camera"
                    },
                    {
                        "name": "MAST",
                        "full_name": "Mast Camera"
                    },
                    {
                        "name": "CHEMCAM",
                        "full_name": "Chemistry and Camera Complex"
                    },
                    {
                        "name": "MAHLI",
                        "full_name": "Mars Hand Lens Imager"
                    },
                    {
                        "name": "MARDI",
                        "full_name": "Mars Descent Imager"
                    },
                    {
                        "name": "RHAZ",
                        "full_name": "Rear Hazard Avoidance Camera"
                    }
                ]
            }
        }
    ]
}